,titulo,calificacion,edad
0,"Shake, Rattle and Rock!",2,6
1,Y a des limites,2,65
2,¡...Y a Dios que me perdone!,3,32
3,¿Y a mí quién me cuida? (I a mi qui em cuida?) (TV),6,81
4,"Et vous sinon, ça va? (S)",6,95
5,Y Adán y,6,76
6,"Et maintenant, on va où? (Where Do We Go Now?)",3,97
7,And Now... Ladies and Gentlemen,6,50
8,Y ahora elogiemos las películas (S),2,86
9,"Testa t'ammazzo, croce... sei morto... Mi chiamano Alleluja (Y ahora le llaman Aleluya)",4,61
10,"Little Man, What Now?",3,46
11,¿Y ahora qué hago? (TV Series),4,36
12,"¿Y ahora qué, señor fiscal?",1,45
13,"Y, ahora, una de ladrones (S)",4,56
14,Certain Fury,6,64
15,"...Y al tercer año, resucitó",5,64
16,Paris Underground,6,2
17,Y a-t-il un Français dans la salle?,6,10
18,Y a-t-il une vierge encore vivante? (S),1,15
19,Und wenn sie nicht gestorben sind... Die Kinder von Golzow - Das Ende der unendlichen Geschichte,4,32
20,¿Y cómo es él? (S),6,20
21,"Ming, ragazzi! (Mr. Hercules Against Karate)",5,76
22,Lo chiameremo Andrea,1,41
23,Et la tendresse?... Bordel!,1,57
24,"Y de postre, qué (S)",2,63
25,...Y de pronto el amanecer,1,9
26,Holidaze (TV),5,91
27,Trainwreck,4,27
28,"Y decirte alguna estupidez, por ejemplo, te quiero",4,85
29,Gli fumavano le Colt... lo chiamavano Camposanto,2,96
30,...Y del hijo (S),4,2
31,Y del seguro... ¡líbranos Señor!,1,12
32,Y después del cuplé,2,21
33,E poi lo chiamarono il magnifico,2,57
34,Straight on Till Morning,5,12
35,Billy Wilder: The Human Comedy (TV),1,63
36,Et Dieu créa la femme,1,61
37,E Dio disse a Caino,4,57
38,Gott mit uns (Dio è con noi) (The Fifth Day of Peace),2,99
39,Jury Duty,6,99
40,¿Y... dónde está el muerto?,1,33
41,¿Y dónde está el presidente?,1,20
42,15 août,1,68
43,Without Men,5,47
44,Love Finds a Home (TV),1,57
45,Love's Christmas Journey (TV),6,77
46,Love Takes Wing (TV),6,63
47,...Y el cielo fue tomado por asalto,5,89
48,Y el cine llegó (1900-1904),1,30
49,Y el cuerpo sigue aguantando (Un tipo de sangre) (S),3,13
50,...Y el demonio creó a los hombres,4,43
51,Y (El film),1,67
52,The Crowd,5,19
53,¿... Y el prójimo?,5,4
54,...a páty jezdec je Strach,3,55
55,...Y eligió el infierno,4,80
56,Und in der Mitte der Erde war Feuer,4,12
57,Botte di Natale,6,43
58,Frog (TV),4,85
59,Hide Your Smiling Faces,1,70
60,Along Came Polly,4,76
61,Und dann kam Wanda (TV),6,46
62,Y la Argentina detuvo su corazón!,2,48
63,And God Created Woman,4,26
64,Y la muerte lo seguía (S),4,87
65,E la nave va,6,27
66,Zendegi va digar hich (And Life Goes On…),3,40
67,Y las vacas vuelan,6,59
68,"Storia di arcieri, pugni e occhi neri",2,91
69,Finding Father Christmas (TV),3,95
70,Love Walked in,2,81
71,Behold a Pale Horse,1,53
72,I skrzypce przestaly grac (And the Violins Stopped Playing),5,29
73,Der erste Reis danach,4,60
74,Y mañana Navidad (S),3,80
75,...Y mañana serán hombres,1,49
76,...Y mañana serán hombres,3,32
77,Irreplaceable You,2,94
78,Y no llevaste luto por mí. El Cordobés,4,34
79,"Y otro año, perdices",3,74
80,¿Y por qué no? (S),2,67
81,...e per tetto un cielo di stelle,6,96
82,Must Love Dogs,1,19
83,Co kdyby...? (S),3,1
84,Eu Receberia as Piores Notí­cias dos seus Lindos Lábios,4,36
85,Y retiemble en sus centros la tierra (S),3,64
86,Y... se hizo justicia,4,30
87,Y se hizo justicia 2 (Y... se hizo justicia 2),3,60
88,Amazing Stories: What If...? (TV),6,40
89,...Altrimenti ci arrabbiamo,1,93
90,Eating Raoul,2,68
91,"Y si te vi, no me acuerdo",1,52
92,Et si on vivait tous ensemble?,5,95
93,Y sin embargo,6,37
94,I vsyo-taki ya veryu...,5,58
95,Y sin embargo se mueve,4,57
96,Stella Dallas,6,70
97,Y también Gaelle,1,93
98,Je préfère qu'on reste amis,5,86
99,...And Your Name Is Jonah (TV),1,63
100,...y tenemos sabor,3,51
101,Y: The Last Man Rising (S),6,64
102,Y todavía hay tiempo para verbenas (S),3,7
103,Y todo va bien (S),3,13
104,And You Thought Your Parents Were Weird,3,43
105,¿Y tú cuánto cuestas?,5,45
106,Y tu mamá también,4,32
107,"Et ta prostate, ça va ? (S)",3,54
108,"Y tú, ¿qué haces?",3,54
109,What the Bleep Do We Know!? (What the #$*! Do We Know!?),6,3
110,What the bleep!?: Down the rabbit hole,2,56
111,"Y tú, ¿qué tal? (S)",4,22
112,¿Y tú quién eres?,6,27
113,Y vino el remolino (1910-1914),5,59
114,E venne un uomo,3,37
115,Y yo entonces me llevé un tapón,4,86
116,Y yo paso con él (S),5,97
117,Y yo que la quiero tanto (S),4,4
118,Aurelio y los Vagabundos: Y yo solo estoy aquí de paso para decirte qué,3,57
119,#Ya (S),4,35
120,You're a Big Boy Now,1,56
121,Ya es tiempo de violencia,5,99
122,Ya (I Am),4,75
123,Ya la hicimos,2,65
124,"La vita, a volte, è molto dura, vero Provvidenza?",5,39
125,Ya no (S),6,41
126,Ya no basta con rezar,4,17
127,Non credo piu all'amore (La paura),4,80
128,Ya no es antes,3,69
129,Ya no hay hombres,5,67
130,Ya no los hacen como antes (Amantes),5,100
131,I Don't Feel at Home in This World Anymore,3,2
132,...ya no puede caminar (S),1,92
133,Can't Hardly Wait,5,79
134,I Don't Feel Anything Anymore (S),5,85
135,We Don't Live Here Anymore,1,55
136,"Ya no soy virgen, ¡olé!, ya no soy virgen",2,17
137,Ya no va más,6,94
138,Ya nos saquearon (1980-1984),5,22
139,Ya nunca más,4,58
140,Ya obyavlyayu vam voynu,3,61
141,Ya ostayus (S),5,85
142,Y'a pas d'âge (TV Series),3,79
143,Ça va passer... Mais quand? (TV),3,35
144,Ya sé quién eres (te he estado observando),2,25
145,I've Got Your Number,6,98
146,Ya somos hombres,6,63
147,¡Ya soy mujer!,2,83
148,Ya tenemos coche,2,72
149,¡Ya tengo a mi hijo!,6,76
150,Ya tiene comisario el pueblo,3,40
151,"Ya viene, aguanta, riégueme, mátame (S)",4,26
152,Ya viene el cortejo... (S),3,88
153,Yaaba,3,31
154,Yaanum Theeyavan,3,78
155,Yaar Anmulle,2,99
156,Yaaran Da Katchup,3,65
157,Precious Find,2,53
158,"Yacuna, amor a la vida",4,18
159,Yadamon (TV Series),3,26
160,Yago (TV Series),6,10
161,"Yago, pasión morena (TV Series)",4,40
162,Yaguar,5,99
163,Yahsi bati,1,53
164,Yahudi,4,60
165,Yajikita Toba Fushimi no maki (S),5,2
166,Yajikita son'nô no maki (S),3,86
167,Yajû shisubeshi,5,66
168,Yaju-deka,5,34
169,Yákar (Esperanza) (S),4,51
170,Yakari (TV Series),4,70
171,Yakisikli,3,22
172,Yakky Doodle (TV Series),1,85
173,Yaku (S),3,68
174,Yaku Patsa,3,41
175,"Yakuaya, la esencia del agua",5,61
176,The Yakuza,4,52
177,Yakuza to Kenpou,6,80
178,Gokudô Daisensô (Yakuza Apocalypse: The Great War Of The Underworld),4,47
179,Yakuza Deka (Gangster Cop),3,68
180,Yakuza deka: Marifana mitsubai soshiki (Yakuza Deka: The Assassin),2,59
181,Kikoku (Yakuza Demon),3,12
182,"Yakuza Eiga, une histoire du cinéma yakuza (TV)",4,85
183,Into the Sun (Yakuza),6,18
184,Yakuza kannon: iro jingi (Yakuza Goddess of Mercy: Mistress Jingi),5,63
185,Yakuza no hakaba: Kuchinashi no hana (Yakuza Burial: Jasmine Flower),5,44
186,Yakuza gurentai (893 Gurentai),1,27
187,Stories of the Dragon - Chapter 1: The Bouncer (S),3,80
188,Stories of the Dragon - Chapter 2: Another Haruka (S),6,95
189,Stories of the Dragon - Chapter 3: Prodigal Son (S),6,48
190,Shin gokudo no onna-tachi: horetara jigoku,4,86
191,Yatarô gasa,6,65
192,Gokudou heiki (Yakuza Weapon),4,43
193,Yakuzambie (S),6,14
194,Yakuza keibatsu-shi: Rinchi - shikei!,2,3
195,Yakyukyô no uta,4,64
196,Yalghaar,6,36
197,Yallah! Underground,1,5
198,¡Yallah! ¡Yallah!,6,83
199,Yam Daabo,1,75
200,Yama no Susume (TV Series),2,88
201,Yama onna kabe onna (TV Series),1,99
202,Yamada-kun to 7-nin no Majo (TV Series),1,57
203,Yamadeloid (Yamaderoido) (S),4,62
204,Yamagata sukurîmu,5,28
205,Yamagola: Malli Modalaindhi,3,74
206,Yamakasi,4,75
207,Yamaleela,1,2
208,Yamaleela 2,1,10
209,Yamasong: March of the Hollows,5,72
210,Otoko-tachi no Yamato,3,98
211,Yamato Nadeshiko Shichi Henge (TV Series),2,42
212,Yamato Takeru,2,58
213,Yambaó,6,65
214,Yamekraw (S),5,89
215,Yami no Bansôsha (TV Series),1,68
216,Yami no kânibaru,1,42
217,Yami to bôshi to hon no tabibito (TV Series),3,56
218,Yami Shibai / Yamishibai: Japanese Ghost Stories (TV Series),5,91
219,Yamla Pagla Deewana,1,15
220,Yamla Pagla Deewana 2,3,78
221,Yan chuang,1,62
222,Ha-Chaverim Shel Yana,1,77
223,Yanco,5,50
224,Yancy Derringer (TV Series),1,2
225,Naamsaang-neuiseung,2,97
226,"Yang Ban Xi, de 8 modelwerken",6,4
227,Yang mei zhou,4,72
228,Yang Yang,3,92
229,Yangon Road (S),3,77
230,Yangsan do,6,93
231,Yangtse Incident: The Story of H.M.S. Amethyst,4,48
232,Yankale (S),3,57
233,Yankee Buccaneer,6,35
234,Yankee Doodle Cricket (TV),5,49
235,Yankee Doodle Daffy (S),2,26
236,Yankee Doodle in Berlin,5,9
237,Yankee Pasha,4,84
238,Yankee Zulu,2,70
239,"Yanki, No! (TV)",4,68
240,Yankuba,1,100
241,Yanoosak,4,11
242,Yankee Doodle Dandy,5,56
243,Yanks,6,82
244,Yantra (S),4,12
245,Yaqui Drums,4,77
246,Yara,1,69
247,Yarará,1,92
248,Yarasa Adam: Bedmen (Turkish Batman & Robin),1,50
249,Yardbird (S),3,36
250,Yardbirds,3,42
251,Yardie,2,49
252,Garn,5,10
253,Yaroslav. Tysyachu let nazad,4,3
254,Yasak (TV Series),6,68
255,Yasamak Hakkimdir,5,13
256,Yasemin,6,35
257,Yaseminin Tatli Aski,6,83
258,Yasha,1,82
259,Yasha-ga-ike,1,32
260,Yasmine,3,29
261,Yasukuni,5,5
262,Yasuni,4,76
263,YAT Anshin! Uchû Ryokô (TV Series),2,19
264,Yatasto,6,61
265,Yatra,5,64
266,Yatsuhaka-mura (Village of the Eight Tombs),5,83
267,Yatsurugi: Heat Up Your Yatsurugi Spirit,5,53
268,Yattâman (Yatterman) (TV Series),1,6
269,Time Bokan Series: Yattâman (Yatterman) (TV Series),4,68
270,Yattâman (Yatterman),3,73
271,Yoru no Yatterman (TV Series),2,26
272,Yatterman: Shin Yatter Mecha Daishûgô! Omocha no Kuni de Daikessen da Koron!,2,42
273,Time Bokan Series: Yattodetaman (TV Series),3,28
274,Yatzy,5,84
275,Y'aura t'il de la neige à Noël?,3,91
276,Yaveños,2,33
277,Yawar Fiesta,3,97
278,Yawar mallku (La sangre del cóndor),2,27
279,Yawar Wanka,1,21
280,Yawara!,2,36
281,Yawarpampa: Campo de sangre (S),1,43
282,Yayoi Kusama: A Life in Polka Dots (Kusama: Infinity),5,100
283,Yayos (S),6,42
284,La suerte de quererte: Yayoselfies (S),4,52
285,Yazgi,4,99
286,[YBI-173] (S),1,71
287,"Ydessa, les ours et etc.",1,57
288,Ye ben,3,69
289,Ye Maaya Chesave,3,53
290,YEAH,5,23
291,Yeah! Yeah! Yeah! (S),2,57
292,Year by the Sea,3,61
293,Year of the Carnivore,6,39
294,Year of the Fish,6,28
295,Year of the Horse,3,64
296,Year of the Scab,6,59
297,Im Jahr der Schildkröte,6,66
298,Kita no zeronen,5,8
299,Year Six,2,30
300,Year Without a Summer,1,59
301,Year Zero: The Silent Death of Cambodia,1,85
302,Yearbook (S),3,15
303,Hasret,6,88
304,Years of the Beast,2,58
305,Taon noong ako'y anak sa labas,2,46
306,Yeast,2,7
307,Jedda,5,17
308,Yedi bela Hüsnü,2,62
309,Yeelen,1,21
310,Yefon,3,45
311,Yegor Bulychyov i drugiye,4,38
312,Yeh Jawaani Hai Deewani,2,45
313,Yeh Kaisi Mohabbat,4,20
314,Aozora êru,5,19
315,Yella,2,34
316,Yelling to the Sky,2,34
317,Yellow,5,63
318,Yellow,2,95
319,Yellow (S),5,96
320,Yellow (S),5,59
321,Yellow,3,80
322,Yellow Bird (S),2,22
323,Yellow Caesar (S),4,36
324,Yellow Cake (S),1,73
325,Kiiroi karasu,3,12
326,Kôryû: Ierô doragon,5,44
327,Kiroi Jou / Kiiroi zou (Yellow Elephant),4,36
328,Yellow Fever: The Rise and Fall of the Giallo,1,84
329,Yellow Hair and the Fortress of Gold,5,54
330,Yellow is Forbidden,2,53
331,Yellow Jack,1,23
332,Ierô Kiddo,2,59
333,Yellow: Le cugine,2,87
334,Ôsen chitai (Yellow Line),5,80
335,Zuti mjesec (S),6,17
336,Yellow Rain,3,8
337,Yellow River Aria,4,43
338,Yellow Rock,6,26
339,Huang se gu shi,2,32
340,Yellow Submarine,4,58
341,YellowBrickRoad,4,82
342,Yellowstone,1,22
343,Yellowstone (TV Series),6,42
344,Yellowstone: Wildest Winter to Blazing Summer,3,97
345,Yema,5,59
346,Yen Yen (S),4,90
347,Comin' at Ya!,2,57
348,Yenendi: les hommes qui font la pluie (S),2,69
349,Yeni Dünya,3,98
350,Cuoc doi cua Yen,2,76
351,Yentl,6,69
352,"Yenú Kade, cristiano bueno",2,83
353,Yeong-jaui jeonseong shidae,4,57
354,Yeonsangun,3,74
355,Yepeto,1,59
356,Yer demir gök bakir,6,65
357,Yeralti,4,64
358,Yerba mala,5,58
359,¡Yerba sangrienta!,5,32
360,Yerbabuena (S),1,91
361,Yerma,4,39
362,Yerma,2,53
363,Yerma: Barren,1,86
364,Yerma (TV),4,16
365,Yertle the Turtle and Other Stories,6,97
366,Yes,1,61
367,Da i Da,3,54
368,Yes: 9012 Live,2,61
369,Da i Da,3,11
370,Yes Boss,1,57
371,"Yes, God, Yes (S)",6,24
372,"Ngok nam shi kin (Yes, I Can See Dead People)",2,27
373,"Ja zuster, nee zuster",3,60
374,Yes or No: Yaak Rak Gaw Rak Loey,5,77
375,Yes or No 2: Rak Mai Rak Ya Kak Loei,5,43
376,Emret komutanim: Sah mat,4,84
377,"Yes Sir, That's My Baby",3,45
378,Yes We Can (S),5,46
379,"Yes, We Fuck!",5,16
380,"Yes, We Spain",1,70
381,Yesenia (TV Series),2,78
382,Yesenia (TV Series),3,61
383,Yesenia,5,19
384,Yessongs,2,78
385,Vchera,5,39
386,Yesterday,2,32
387,Yesterday,1,95
388,Yesterday,3,39
389,Lung fung dau (Yesterday Once More),5,12
390,Yesterday Was a Lie,5,79
391,Yesterday Was the Day We Died (S),1,58
392,Yeter,1,79
393,Yeti: A Love Story,6,1
394,"Yeti, il gigante del 20 secolo",1,82
395,Yeti: Curse of the Snow Demon (TV),1,96
396,Yeva,4,3
397,Yevadu,3,49
398,Yéyamba Wandzé Mdrou Ndo?,3,93
399,Yggdrasill: Whose Roots Are Stars in the Human Mind (S),5,63
400,Yi Wei (S),6,75
401,Yi Yi,5,93
402,Yichuan zhenzhu,5,45
403,Yiddish Connection,6,79
404,Yidl mitn fidl,3,15
405,Yield to the Night,2,75
406,Yindabad,3,4
407,Yin! Yang! Yo! (TV Series),1,37
408,Yippee,3,51
409,YMCA Yagudan (YMCA Baseball Team),4,22
410,Ymma,1,72
411,Yo,5,98
412,Yo,2,81
413,Eu,2,70
414,Yo aborto. Tú abortas. Todxs callamos (Yo aborto. Tú abortas. Todos callamos),6,19
415,J'accuse!,3,79
416,J'accuse!,5,24
417,I Accuse,1,15
418,I Accuse!,5,88
419,He Ran All the Way,5,47
420,Yo amo a Juan Querendón (TV Series),4,20
421,I Walked with a Zombie,2,94
422,The Man Who Dared,6,73
423,Yo bailé con Don Porfirio,2,70
424,Yo canto para ti,4,76
425,"I, Claudius",6,81
426,"I, Claude Monet",1,5
427,I Bought a Vampire Motorcycle,2,13
428,Yo compro esa mujer (TV Series),2,74
429,I Confess,3,49
430,Yo conocí a esa mujer,5,26
431,Yo creo,6,83
432,Call Northside 777,2,38
433,Yo creo que...,5,17
434,Christiane F - Wir Kinder vom Bahnhof Zoo,6,90
435,"I, Daniel Blake",2,93
436,Yo decido. El Tren de la Libertad,2,9
437,I Shot Andy Warhol,1,11
438,Port-Arthur,6,20
439,"Jo, el desconegut (TV)",6,22
440,"Yo, el ejecutor",6,21
441,Over the Top,5,98
442,"I, the jury",1,71
443,The Greatest,2,97
444,"Yo, El Vaquilla",1,98
445,Me and Earl and the Dying Girl,4,46
446,Coming Out of the Ice (TV),5,65
447,I Spy (TV Series),6,66
448,"Yo estaba ocupada encontrando respuestas, mientras tú simplemente seguías con la vida real (S)",1,65
449,"I, Frankenstein",4,67
450,I Was Monty's Double,1,28
451,I Was an American Spy,4,100
452,Ich war Hitlers Bodyguard,1,41
453,"Ya sluzhil v okhrane Stalina, ili Opyt dokumentalnoy mifologii",6,51
454,Yo fui novio de Rosita Alvírez,5,31
455,Yo fui un asesino: el crimen de la catana (TV),4,22
456,Teenage CaveMan,4,78
457,I Was a Teenage Faust (TV),6,90
458,I Was a Teenage Frankenstein,6,96
459,I Was a Teenage Werewolf,3,96
460,Yo Gabba Gabba! (TV Series),2,59
461,Yo gané al Prode... y Ud.?,5,20
462,Eagle's Wing,1,19
463,A Man Called Hawk (TV Series),1,91
464,I Was a Spy,1,25
465,"Ich war, ich bin, ich werde sein (Yo he sido, yo soy, yo seré)",5,71
466,Yo he visto a la muerte,3,56
467,Yo hice a Roque III,2,88
468,Yo hice a Roque III,2,9
469,Yo ho ho,1,60
470,Flic ou voyou,1,59
471,"Yo, indocumentada",1,37
472,"Yo, Juan Carlos I, Rey de España (TV)",5,5
473,Yo la busco,1,19
474,Io la conoscevo bene,6,98
475,"Yo, la más tremendo",5,1
476,"Yo, la peor de todas",3,20
477,Yo la recuerdo ahora,6,93
478,Yo la vi primero,1,74
479,Yo Lo Vi (Ich sah es) (S),2,96
480,I senza Dio,5,52
481,"Yo, Lucas",3,46
482,Yo maté,5,60
483,"Zabil jsem Einsteina, panove (I Killed Einstein, Gentlemen)",4,72
484,Yo maté a Facundo,4,19
485,Yo maté a Juan Charrasqueado,3,79
486,J'ai tué ma mère (I Killed My Mother),4,22
487,Yo maté a Rosita Alvírez,1,66
488,Yo me adapto (S),1,37
489,"Yo me bajo en la próxima, ¿y usted?",6,27
490,Yo me lo creo,2,49
491,"Yo, mi, me, conmigo (S)",3,12
492,"Yo, mi mujer y mi mujer muerta",1,99
493,"For Richer, For Poorer (TV)",5,20
494,Yo Mimo Soy,2,73
495,Yo_mutando,6,68
496,Yo! My Saint (S),2,28
497,"Yo, Natalia",4,93
498,Me Natalie,2,43
499,"Yo nena, yo princesa - Experiencia trans de una niña de cinco años",1,35
500,Yo ni mo Kimyô na Monogatari: Eiga kantoku-hen (TV),5,84
501,Io no,3,76
502,Eu Não Conhecia Tururu,2,56
503,Yo no creo en los hombres (TV Series),6,98
504,Yo no creo en los hombres (TV Series),3,74
505,Yo no creo en los hombres,5,62
506,Yo no me caso,6,57
507,Amore vuol dir gelosia,4,36
508,Yo no sé qué me han hecho tus ojos,1,28
509,Yo no soy de aquí (I Am Not From Here) (S),1,26
510,Yo no soy guerrillero,3,77
511,Yo no soy la Mata-Hari,2,87
512,I Am Not Madame Bovary,5,3
513,Yo no soy un asesino,3,53
514,So Little Time,5,27
515,Yo no te pido la Luna (TV Series),6,24
516,"Já, Olga Hepnarová",5,37
517,Ya shagayu po Moskve,1,14
518,Yo pecador,4,44
519,Yo perdí mi corazón en Lima,3,16
520,Yo peyote,3,19
521,"Moi, Pierre Rivière, ayant égorgé ma mère, ma soeur et mon frère...",2,75
522,"Yo, presidenta (S)",1,77
523,"Yo, Presidente (Sr. Presidente)",1,16
524,Yo puta,6,52
525,Yo quiero (S),3,99
526,Yo quiero a Eva,2,76
527,Yo quiero ser hombre,6,42
528,I Want to Be a Pilot (S),4,36
529,Yo quiero ser torero,5,52
530,Naughty Baby,4,94
531,Yo quise hacer Los bingueros 2,3,8
532,Yo quisiera (TV Series),6,19
533,"I, Robot",6,24
534,"Yo, Sandro. La película",1,56
535,Yo sé lo que envenena,5,27
536,Io so che tu sai che io so,2,24
537,Stealing Sinatra (TV),5,69
538,Obsluhoval jsem anglického krále (I Served the King of England),4,96
539,"Yo, Simon (S)",1,5
540,"Yo, Sor Alice",4,98
541,I Am Ali,2,95
542,Io sono Anna Magnani,3,71
543,Yo soy así (Eu Sou Assim),3,17
544,"Yo soy así, Tita de Buenos Aires",5,44
545,Yo soy Bea (TV Series),3,24
546,"Yo soy Betty, la fea (TV Series)",4,24
547,I Am Bruce Lee (TV),4,85
548,Yo soy caifán,6,50
549,Yo soy de donde hay un río,6,39
550,"Yo soy, del son a la salsa",6,9
551,I Am Divine,1,84
552,Io sono l'amore (I Am Love),2,63
553,Yo soy el cantante Goyo Ramos,6,49
554,Rock-a-bye Baby,6,30
555,Je suis le peuple (I Am the People),6,78
556,Amores difíciles: Yo soy el que tú buscas (TV),6,78
557,Yo soy ésa,1,25
558,Sono fotogenico,2,9
559,Yo Soy Franky (TV Series),3,59
560,Yo soy Frida,3,1
561,Yo soy Fulana de Tal,1,41
562,Yo soy la felicidad de este mundo,5,12
563,Yo soy la Juani,2,19
564,Death Wish 2,5,92
565,Death Wish 4: The Crackdown,3,11
566,I Am the Law,5,21
567,La pecora nera,1,2
568,Simona,5,78
569,"El Chuncho, quien sabe?",6,60
570,Yo soy la salsa,5,100
571,I Am Wrath,1,86
572,Yo soy metástasis (S),3,100
573,The Pretender,2,10
574,Ich bin meine eigene Frau,6,37
575,Io sono mia,3,78
576,Je suis une nymphomane,6,74
577,Yo soy otro,5,28
578,I Am Sam,2,49
579,Yo soy sola,6,23
580,I Am Steve McQueen,6,3
581,I Am Suzanne!,6,43
582,Django spara per primo,4,86
583,Wagahai wa neko de aru (I Am a Cat),2,86
584,Wagahai wa neko de aru,5,51
585,"Sono Sartana, il vostro becchino",4,12
586,¡Yo soy yo!,3,25
587,"Yo, también",6,15
588,Yo también (S),3,97
589,I Heard It Too (S),4,23
590,Yo también te quiero,4,52
591,Yo también tengo fiaca,5,8
592,Yo tb tq (S),6,82
593,Eu Te Amo,6,41
594,She Waits (TV),3,52
595,Yo te quiero! (S),3,30
596,"Je vous salue, Marie",5,26
597,Yo tengo fe,5,71
598,Yo tengo perspectiva (de la vida),6,47
599,Ich war neunzehn (Ich war 19) (I Was Nineteen),1,88
600,J'avais sept filles,5,10
601,Yo tenía un camarada (S),4,73
602,Yo tenía un plazo fijo (TV),6,2
603,"Moi, Tintin (I, Tintin)",2,38
604,"I, Tonya",6,5
605,"Je, tu, il, elle (I, You, She, He)",4,16
606,"Yo, tú, él y ella (Yo, tú, él y el otro) (La libélula)",3,49
607,Only the Lonely,4,46
608,Yo tuve un cerdo llamado Rubiel (S),3,30
609,"Yo, Ulrike, grito",4,98
610,Moi un noir,3,15
611,"Yo, una mujer (TV Series)",3,95
612,"Moi, Van Gogh (Van Gogh: Brush with Genius)",5,41
613,Yo vendo unos ojos negros,6,29
614,Yo veo conejos (S),5,62
615,Man Friday,6,47
616,I Walk the Line,5,2
617,"Yo voy al 8º, y usted? (S)",5,17
618,Me and the Colonel,4,15
619,Boy Meets World (TV Series),3,53
620,Ich und Kaminski,1,50
621,Ich und die Kaiserin,1,59
622,Moi et les hommes de 40 ans,3,37
623,Moulton og meg (Me and My Moulton) (S),2,100
624,Yo y mi terraza (S),1,28
625,"Me Myself I (Me, Myself and I)",6,55
626,"Me, Myself & Irene",3,29
627,"Io, io, io... e gli altri",4,96
628,Yo Yogi! (TV Series),3,76
629,"I, Zombie: The Chronicles of Pain",3,5
630,Yoake Mae Yori Ruriiro na: Crescent Love (TV Series),3,90
631,"Yeu woo bi (Yobi, the Five-Tailed Fox)",6,62
632,Yochô: Sanpo suru Shinryakusha,2,70
633,Unterm Dirndl wird Gejodelt,3,40
634,Yoga,2,30
635,Yoga Hakwon (Yoga Class) (Yoga Academy) (Yoga Institute),5,84
636,Yoga Hosers,5,52
637,Yoga Noga Reyoga: The Enlightenment Competition (S),6,16
638,Yogi the Easter Bear (TV),4,79
639,Yogi Bear and the Magical Flight of the Spruce Goose (TV),6,3
640,Yogi's Treasure Hunt (TV Series),4,33
641,Yogi and the Invasion of the Space Bears (TV),3,90
642,You Shoumei Bijutsukan Line,4,9
643,Mamono hantâ Yôko (Yohko: The Devil Hunter),2,100
644,What a Cartoon!: Yoink! of the Yukon (TV) (S),2,90
645,Yôjinbô (Yojimbo the Bodyguard),3,1
646,Kaze no yôjinbô (TV Series),4,15
647,Yojo no jidai,4,89
648,Yokai,3,91
649,Yôkai daisensô (Yokai Monster 2),1,93
650,Tôkaidô obake dôchû (Yokai Monster 3),6,32
651,Yo-kai Watch (TV Series),4,54
652,Yôkai Watch: Tanjô no himitsuda nyan,6,71
653,Yo-kai Watch Shadowside: Oni-ō no Fukkatsu,2,67
654,Eiga Yôkai Wotchi Soratobu Kujira to Daburu Sekai no Daibôken da Nyan!?,2,18
655,Yo-Kai Watch: Enma Daiô to Itsutsu no Monogatari da Nyan!,3,62
656,Yokel Boy,2,97
657,Yoko,6,78
658,Yoko (TV Series),6,47
659,Yoko! Jakamoko! Toto! (TV Series),5,68
660,Yoko y sus amigos,1,95
661,Yokohama Kaidashi Kikou,2,35
662,Yokohama Kaidashi Kikou: Quiet Country Cafe,2,2
663,Yokohama ankokugai mashingan no ryu,5,64
664,Yoku Wakaru Gendai Mahô (TV Series),6,49
665,Yolanda en el país de los estudiantes,2,20
666,"Yolanda, Daughter of the Black Corsair (TV Series)",2,41
667,Jolanda la figlia del corsaro nero,5,78
668,Yolanda Luján (TV Series),5,8
669,Yolanda and the Thief,6,64
670,Yolki,1,44
671,Yolki 1914,5,38
672,Yolki 2,4,39
673,Yolki 5,4,1
674,Yolki Palki,1,1
675,Yolngu Boy,4,65
676,Yolo (S),6,66
677,Yom Huledet Same'ach Mar Mograbi,1,93
678,Yom Yom,4,14
679,Yoman (Diary),2,97
680,Yomeddine,3,79
681,Yomigaeri,1,95
682,Yomigaeru Sora: Rescue Wings (TV Series),1,78
683,Akatsuki no Yona (TV Series),3,5
684,Yona Yona Penguin (Yonayona pengin),5,13
685,"Yondemasuyo, Azazel-san (TV Series)",5,29
686,Yonderland (TV Series),6,42
687,Taekoesu Yonggary (Great Monster Yongary),4,40
688,Yonkers Joe,4,14
689,Hanare Toride no Yonna (Yonna in the Solitary Fortress),5,72
690,Yonshimai monogatari,3,66
691,YooHoo and Friends (TV Series),5,58
692,Il mondo di Yor,1,2
693,Yorgos,3,55
694,Kirare Yosaburô,1,1
695,Joseph and The Amazing Technicolor Dreamcoat,6,9
696,Yosemite,3,88
697,Yoshido (Les autres vies),6,26
698,Yasuhiko Yoshikazu Itano Ichiro Gensatsu-shuu (S),1,55
699,Yoshino's Barber Shop,6,55
700,Yoshiwara,1,9
701,#YoSoyBinks (S),1,3
702,Ha-Sippur Shel Yossi,3,14
703,Yossi & Jagger,5,15
704,Yosuga no Sora (TV Series),3,31
705,Yotama se va volando,4,22
706,Yotamono to komachimusume,6,98
707,Yotsunoha,5,24
708,Yotsuya kaidan,6,21
709,Yotsuya kaidan,4,43
710,You,3,83
711,Te (S),3,51
712,You...! (S),2,38
713,You & I,5,100
714,You & Me (S),4,65
715,You & Me Forever,3,86
716,You Again? (TV Series),2,9
717,Aš esi tu (You Am I),2,85
718,You and I (Finding t.A.T.u.),2,62
719,You and Me,1,1
720,You and Me,6,87
721,"Pane, vy jste vdova! (You Are a Widow, Sir)",5,29
722,You Are Everything,3,27
723,You Are More Than Beautiful (S),5,12
724,You Are My Sassy Girl,2,15
725,Neoneun nae unmyeong (You're My Sunshine),6,36
726,Du er ikke alene (You Are Not Alone),4,25
727,You Are Not Alone,6,1
728,Ty ne sirota (TV),4,24
729,"Na xie nian, wo men yi qi zhui de nu hai (You Are the Apple of My Eye)",3,62
730,You are the Canvas (S),4,67
731,Nannbenda,6,14
732,Omae Umasou da na (You Are Umasou),1,38
733,You Are Wanted (TV Series),2,94
734,You Belong to Me,3,96
735,You Belong to Me,5,39
736,Kurvo (S),4,34
737,Yeoljeong Gateun Sori Hago Itne,5,60
738,You Came Along,1,8
739,You Can Do Better (TV Series),5,57
740,You Can't Cheat an Honest Man,1,69
741,You Can't Do That! The Making of 'A Hard Day's Night',2,67
742,You Can't Escape Forever,1,20
743,You Can't Fight Christmas,5,65
744,You Can't Have Everything,3,92
745,You Can't Hurry Love,4,27
746,You Can't Kill Stephen King,3,81
747,You Can't Run Away from It,4,51
748,Ti mene nosis,3,93
749,You Could Sunbathe in This Storm (S),2,81
750,Du forsvinder,1,56
751,You Don't Have to Die (S),2,37
752,30 for 30: You Don't Know Bo: The Legend of Bo Jackson (TV),3,8
753,"You Don't Like the Truth, 4 Days Inside Guantánamo",1,34
754,You for Me,6,54
755,You Go To My Head,4,76
756,You Got Served,2,22
757,You Got to Move: Stories of Change in the South,3,82
758,Tinimbang ka ngunit kulang (You Have Been Weighed and Found Wanting),6,96
759,"Nawet nie wiesz, jak bardzo cie kocham",5,53
760,You Have to Run Fast,5,35
761,You I Love (Ja Lublju Tebja),4,71
762,You Kill Me,3,57
763,You Killed Me First (S),5,2
764,You Know Nothing About Me,2,66
765,You Know What Sailors Are,1,71
766,You Look Scary (S),1,88
767,You Make Me Feel So Young,4,45
768,You May Not Kiss the Bride,5,8
769,"You, Me and Him",3,44
770,You Mean The World To Me,5,14
771,You Missed Sonja (S),6,2
772,You Must Be Joking!,3,5
773,Wähle das Leben,6,47
774,You Only Live Until You Die,3,93
775,Amatørene,1,71
776,You See Me Laughin',5,8
777,Maai hung paak yan,6,2
778,You Should Meet My Son,6,69
779,"Ty - mne, ya - tebe",2,11
780,You Told a Lie (S),2,17
781,You Were Meant for Me,1,78
782,You Weren't There: A History of Chicago Punk 1977 to 1984,6,80
783,Je te mangerais (You Will Be Mine),5,16
784,You Wont Miss Me,1,35
785,You Wont Regret That Tattoo (S),2,22
786,Youjo Senki: Saga of Tanya the Evil (TV Series),6,96
787,Young & Beautiful,3,45
788,Young & Sofia (TV Series),5,83
789,Young Adam,5,15
790,Young Adult,6,58
791,Young Alexander the Great,4,27
792,Goo waak jai: Ji yan joi kong woo (Young and Dangerous),2,73
793,Goo waak jai 2: Ji maang lung gwoh gong (Young and Dangerous 2),1,49
794,Goo waak jai 3: Ji jek sau je tin (Young and Dangerous 3),5,83
795,97 goo waak jai: Jin mo bat sing (Young and Dangerous 4),1,20
796,98 goo waak chai ji lung chang foo dau (Young and Dangerous 5),2,26
797,Goo waak jai: gong wu san dit zeoi (Young and Dangerous: Reloaded),2,21
798,San goo waak chai ji siu nin gik dau pin (Young and Dangerous: The Prequel),1,1
799,Jovens infelizes ou um homem que grita não é um urso que dança,6,81
800,Unge lovende (TV Series),4,59
801,Young at Heart,2,39
802,Young Black Jack (TV Series),3,58
803,Young Bodies Heal Quickly,5,72
804,Waka oyabun,1,88
805,Young Catherine (TV),3,55
806,Young Charlie Chaplin (TV Series),6,35
807,Young Couples Only (TV),2,58
808,Young Detectives on Wheels,6,55
809,Young Dillinger,4,38
810,Young Dr. Kildare (TV Series),1,42
811,Young Europe,1,42
812,Des filles en noir (Young Girls in Black),4,6
813,Hymypoika,2,31
814,Young Goodman Brown,1,40
815,Young Gun in the Time,4,16
816,Young Ideas,4,71
817,Young James Herriot,2,40
818,Young Jesse James,5,50
819,Junges Licht,2,28
820,Young Lions (TV Series),1,63
821,Molodaya liubov (S),3,45
822,Young MacGyver (TV),4,48
823,Young Man with Ideas,2,78
824,Young Mother Hubbard,5,91
825,Young Mr. Jazz (S),3,59
826,Young Nurses in Love,3,56
827,Young Oldfield (S),2,44
828,Young Ones,5,87
829,Young People Fucking (Y.P.F.) (YPF),3,56
830,Seishonen no tame no eiga nyumon (S),4,34
831,Young Playthings,2,9
832,Young Romance,1,75
833,Young Sánchez,2,24
834,"Young, Single & Angry",4,16
835,Nguoi Chien Si Tre,4,34
836,Unga Sophie Bell,5,27
837,Kishiwada shônen gurentai: Chikemuri junjô-hen (Young Thugs: Innocent Blood),4,1
838,Kishiwada shônen gurentai: Bôkyô (Young Thugs: Nostalgia),3,71
839,Young Triffie's Been Made Away With,6,96
840,Molodaya zhena,3,48
841,Genç pehlivanlar,1,45
842,Young Yakuza,3,77
843,Younger (TV Series),6,50
844,Younger and Younger (Younger & Younger),5,41
845,Tokai ichi no waka oyabun,5,28
846,Youngistaan,6,26
847,Youngsville,4,10
848,Your Bad Self (TV Series),3,96
849,Your Cheatin' Heart,1,77
850,Din barndom ska aldrig dö,6,70
851,Your Choice!,1,3
852,Tvoy sovremennik,4,61
853,Your Crooked Heart (S),5,98
854,Your Date Is Here (S),4,70
855,Your Face (S),5,60
856,Your Family or Mine (TV Series),4,91
857,Kimi no tomodachi,6,61
858,Your Job in Germany (S),3,72
859,Shigatsu wa kimi no uso (TV Series),6,10
860,Shigatsu wa kimi no uso,4,29
861,Your Lost Memories,5,61
862,Your Mother and I (S),4,60
863,Y/Our Music,5,29
864,Kimi no na wa,2,44
865,Your Name,5,45
866,Your Name Here,1,8
867,Masz na imie Justine,6,82
868,Your Own Road,4,96
869,Zu dir?,4,89
870,Your Show of Shows (TV Series),3,56
871,Your Show Time (TV Series),2,71
872,Your Studio and You (S),1,62
873,Neoui Gyeolhonsik,5,72
874,Your Worst Nightmare (TV Series),3,64
875,Neo-hui-deul-eun po-wi-dwaess-da (TV Series),3,36
876,Minami Shineyo (TV Series),6,18
877,You're Darn Tootin' (The Music Blasters) (S),5,72
878,You're Dead,3,73
879,You're Gonna Die Tonight (S),1,51
880,You're Gonna Miss Me,2,66
881,You're in the Army Now,4,82
882,"You're in the Super Bowl, Charlie Brown (TV)",6,50
883,You're Killing Me...,6,15
884,You're Killing Me,4,99
885,Ni ljuger (You're Lying),4,35
886,You're My Boss,2,3
887,Tu Mera 22 Main Tera 22,1,20
888,You're My Everything,4,58
889,Neo-neun Pet,4,85
890,You're Nobody 'til Somebody Kills You,1,96
891,You're Not Alone,2,86
892,"Du är inte klok, Madicken",6,47
893,You're Skitting Me (TV Series),2,51
894,"You're So Cool, Brewster! The Story of Fright Night",2,33
895,You're So Cupid!,4,43
896,You're Telling Me!,6,93
897,Kailangan ko'y ikaw,5,1
898,You're the One (Una historia de entonces),5,6
899,Z.,3,19
900,Z,5,19
901,Z: A Zombie Musical,6,64
902,Z Cars (TV Series),2,87
903,Z Channel: A Magnificent Obsession (TV),4,54
904,Z for Zachariah,1,82
905,Z: Hatenaki kibou,1,93
906,Z Island (Z Airando),3,13
907,The Lost City of Z,3,88
908,Z mesta cesta,3,20
909,Z Nation (TV Series),1,28
910,Z Powisla (S),5,44
911,Z Fungbou (Z Storm),5,87
912,Z1 (S),6,81
913,Z32,1,62
914,Z4 El Campito,4,80
915,Rembrandt 7 antwortet nicht...,1,35
916,Za toboy,2,64
917,Zabana!,6,72
918,"Zabij mnie, glino",2,47
919,Zabranjeni bez zabrane,5,59
920,Zabriskie Point,4,6
921,Zacarías (S),1,42
922,Zacarías Zombie (S),6,71
923,"Zacatillo, un lugar en tu corazón (TV Series)",3,14
924,Zacazonapan,3,97
925,Zach Galifianakis: Live at the Purple Onion,5,44
926,Zach Stone Is Gonna Be Famous (TV Series),6,74
927,Zachariah,6,84
928,Zachte Planten (S),4,57
929,The Suite Life Movie (TV),6,5
930,The Suite Life on Deck (TV Series),6,51
931,Zack and Quack (TV Series),3,82
932,Zack and Reba,2,26
933,Away All Boats,2,85
934,Porterhouse Blue,2,29
935,The Honeymoon Machine,6,33
936,Parade (TV),4,69
937,Home on the Range,4,15
938,The Bulldog Breed,5,35
939,The Misadventures of Merlin Jones,2,27
940,Sapphire & Steel (TV Series),6,47
941,"Zafiros, locura azul",5,42
942,Zafra,2,26
943,Zagor,3,38
944,Zagor kara bela,2,6
945,Zagreb 17:35 (S),3,10
946,Zagrebacke price,3,67
947,Zagrebacke price vol. 2,5,51
948,Zagros,2,95
949,Zahira: la que florece,3,23
950,Záhrada (The Garden),5,38
951,Zaido: Pulis Pangkalawakan (TV Series),3,41
952,"Zaïna, cavalière de l'Atlas",2,4
953,Zaineb takrahou ethelj,1,83
954,i -wish you were here- ~Anata ga koko ni Itehoshii~,6,94
955,Zak Storm (TV Series),2,62
956,Zakaria (S),6,23
957,Zakat,3,52
958,Zakhm,5,61
959,Zal & Simorgh (S),2,50
960,Zalacaín el aventurero,1,10
961,Zelly and Me,3,87
962,Zama,1,11
963,Zamaanat (Bail),5,2
964,"Zaman, l'homme des roseaux",5,80
965,Zaman Makinesi 1973,4,13
966,Zamba (La asombrosa excursión de Zamba) (TV Series),1,12
967,Zambezia,1,38
968,"Zambo, il dominatore della foresta",3,36
969,Zamora en el tiempo (S),1,74
970,Zamora ¡Tierra y hombres libres!,3,17
971,Zampo y yo,3,37
972,Zamudio: Perdidos en la noche,4,15
973,Zan Boko,3,78
974,"Zaña, recuperando el pasado",2,69
975,Zana dhe Miri (S),4,56
976,Zanahoria,5,21
977,Zanahorio (S),2,56
978,Zand (S),3,98
979,Zandalee,3,65
980,Dick Powell's Zane Grey Theater (TV Series),4,74
981,Thwara Zanj,3,85
982,Zanjeer,5,99
983,Zanna bianca alla riscossa,4,77
984,Gwai ma hau yuen,2,78
985,Mozambique,4,89
986,Malkia wa soka Zanzibar,5,92
987,"Zapada, una comedia beat",3,85
988,Zapallares (S),3,73
989,Zapata,3,77
990,Zapata: Amor en rebeldía,6,52
991,Zapata: El sueño del héroe,1,13
992,Zapata en Chinameca (La Traición a Zapata),1,32
993,Zapata vive,2,9
994,Piedone d'Egitto,1,13
995,Zapatos nuevos,4,18
996,Zapatos Viejos,5,32
997,Zapirón busca empleo (S),2,49
998,Zapomenuté svetlo,6,30
999,Zapora (S),6,37
1000,Zappa,2,33
1001,Zappa,1,65
1002,Zappatore,5,93
1003,Zappeando (S),3,27
1004,Zapped (TV Series),1,74
1005,Zapping (S),3,30
1006,Zapping,4,93
1007,Zara,3,48
1008,Zara (TV),5,81
1009,Zara and Erika: 1st Generation (TV Series),3,72
1010,The Mystic,5,30
1011,"Zarabanda, bing, bing (Baleari Operazione Oro)",6,66
1012,Zarafa,4,99
1013,Zarak,5,73
1014,Zárás (S),2,68
1015,Zardoz,3,46
1016,Zare,5,93
1017,"Imdat ile Zarife (Zarife, The Dancing Bear)",5,37
1018,Zarkorr! The Invader,5,47
1019,Looney Tunes: Cat's Paw (S),6,59
1020,Paws,5,90
1021,Zarpazo (S),4,34
1022,¡Zarpazos! Un viaje por el spanish horror,3,48
1023,Zarra's Law,5,59
1024,Zarte Parasiten (Tender Parasites),1,89
1025,"Zärtlich, aber frech wie Oskar",6,56
1026,Konjiki no Gash Bell!! (TV Series),5,39
1027,Konjiki no Gashbell!! Mecabarukan no raishuu (Konjiki no Gash Bell!!: Attack of the Mechavulcan) (Zatch Bell Movie 2),5,8
1028,"Konjiki no Gash Bell: 101 Banme no Mamono (Gash Bell The 1st Movie: Unlisted Demon ""#101"") (Zatch Bell Movie 1)",5,26
1029,Zathura: A Space Adventure,1,52
1030,Zatoichi,3,87
1031,Zatoichi - Takashi Miike x Sho Aikawa (Theatrical Play),5,99
1032,Zatôichi Jigoku tabi,6,94
1033,Zatôichi senryô-kubi,6,48
1034,Zatôichi sakate giri,4,47
1035,Zatôichi hatashi-jô,4,30
1036,Zatôichi goyô-tabi,1,46
1037,Zatôichi chikemuri kaido,6,100
1038,Zatôichi kyojo tabi,6,2
1039,Zatôichi,5,16
1040,Zatôichi abare-himatsuri,3,29
1041,Shin Zatôichi monogatari: Oreta tsue,5,37
1042,Shin Zatôichi: Yabure! Tojin-ken,2,78
1043,Zatôichi to Yôjinbô,6,86
1044,Zatôichi kenka-tabi,5,35
1045,Zatoichi: The Last,6,17
1046,Zatôichi rôyaburi,1,50
1047,Zatôichi tekka tabi,1,71
1048,Shin Zatôichi monogatari: Kasama no chimatsuri,4,20
1049,Zatôichi abare tako,6,48
1050,Zatôichi umi o wataru,3,98
1051,Zatôichi nidan-kiri,6,37
1052,Zatoichi no uta ga kikoeru,5,65
1053,Zauber der Natur,6,76
1054,Zauber um Zinnober,5,46
1055,Zaytoun,4,78
1056,Zazà,3,35
1057,Zaza,6,40
1058,Zaza,4,37
1059,Zaza,5,36
1060,Zazie dans le Metro,4,90
1061,ZBaw - Mejores amigos,6,25
1062,Zbrodnia (TV Series),6,99
1063,Zdivocelá zeme,4,86
1064,"Zdravstvuyte, deti",4,26
1065,Zé Do Caixão,4,97
1066,Zeami,4,34
1067,Zebra (S),2,46
1068,Zebra Crossing,5,5
1069,Zebra Lounge (TV),3,77
1070,Zeburaman (Zebraman),1,56
1071,Zeburâman: Zebura Shiti no gyakushû (Zebraman 2: Attack on Zebra City),2,61
1072,Zeche Hannover (S),6,72
1073,ZedCrew,2,11
1074,Zeder: voci dal buio (Revenge of the Dead),1,25
1075,Zefir (Zephyr),5,45
1076,Zefiro Torna or Scenes from the Life of George Maciunas (Fluxus),4,71
1077,Zegapain (TV Series),4,48
1078,Zegen,3,30
1079,Zehn Sekunden Himmel (S),1,83
1080,Zeinek gehiago iraun (S),3,39
1081,Zeiramu,5,61
1082,Zeiramu 2,4,11
1083,Zeit der Götter,3,17
1084,Zeit Der Unruhe (S),1,20
1085,Zeitgeist: Addendum (Zeitgeist 2),5,20
1086,Zeitgeist: Moving Forward (Zeitgeist 3),6,56
1087,Zeitgeist Protest,2,22
1088,Zeitgeist: The Movie,2,53
1089,Zeitnot (S),1,31
1090,Zeitoun,4,64
1091,Zeitprobleme: wie der Arbeiter wohnt (S),2,76
1092,Zeke and Luther (TV Series),6,80
1093,Zeke's Pad (TV Series),6,79
1094,Zelary,4,75
1095,Zelda,1,54
1096,Zelda,5,76
1097,Zeleznoe pole,3,77
1098,Zelfportret (S),3,37
1099,Zelig,4,9
1100,Zen,3,73
1101,Zen,3,42
1102,Zen Noir,1,31
1103,Zenabel,6,58
1104,Zenaida,6,52
1105,Time Bokan Series: Zendaman (TV Series),4,8
1106,Zendegi dar meh,2,4
1107,Zeni Geba (TV Series),4,9
1108,Zenith,1,99
1109,Zenitram,5,93
1110,Kishin Dôji Zenki (TV Series),2,10
1111,Zenne (Dancer),6,11
1112,Zénó és a hírek (S),5,77
1113,Zenobia,2,53
1114,Zenon: Girl of the 21st Century (TV),3,50
1115,Zenon: Z3 (TV),6,51
1116,Zentrix (TV Series),5,72
1117,Zepo (S),6,63
1118,Zeppelin,1,98
1119,Zeppelin - Das fliegende Schiff,2,87
1120,Zer,6,81
1121,Zerah’s Gift (S),6,26
1122,Zerkalo dlya geroya,3,33
1123,Zero (S),1,85
1124,Zéro,2,84
1125,Zero (S),4,64
1126,Zero,3,95
1127,Zero,3,41
1128,Zéro (S),6,44
1129,Zero 2,2,80
1130,Zero 3,4,91
1131,Zero. Alyvine Lietuva,1,62
1132,Zero: An Investigation Into 9/11,5,91
1133,Zero Bridge,5,83
1134,Zero Charisma,2,57
1135,Zero Day,3,95
1136,Zero Days,1,25
1137,Zero no shoten (Zero Focus),2,85
1138,Zero Hour (S),3,61
1139,Stunde Null,1,59
1140,Zero Kelvin (Kjaerlighetens kjotere),5,98
1141,Zero Motivation,3,68
1142,Zéro phyto 100% bio,3,58
1143,Nullpunkt,4,1
1144,Chikyuu wo Mamore (Zero Tester) (TV Series),4,96
1145,Zero Thousand Li Under the Clouds and Moon,6,87
1146,Zero to Sixty,2,84
1147,Zeroka no onna: Akai wappa,3,87
1148,Zerosen Moyu,4,16
1149,Zerogon (S),4,4
1150,Zero/Infinito,2,65
1151,Zerophilia,3,82
1152,Zeropolis,5,38
1153,Zero-sen Hayato (TV Series),6,96
1154,Zeroville,6,72
1155,Zeru horiek (Esos cielos) (TV),2,69
1156,Zeta,2,23
1157,Zeta One,6,9
1158,Zetman (Zettoman) (TV Series),2,9
1159,Zetsuen no Tenpesuto (Zetsuen no Tempest) (TV Series),5,26
1160,Zettai Karen Children (TV Series),3,49
1161,Zettai Karen Children: The Unlimited (TV Series),2,18
1162,Zettai Kikan Kaerun (TV Series),6,14
1163,Zettai Seigi Love Pheromone (TV Series),5,6
1164,Zettai Shônen (TV Series),6,49
1165,Zeus,6,8
1166,Zeus and Roxanne,6,7
1167,Zézero,6,5
1168,Zg80,3,13
1169,Zhaleika,4,59
1170,Zhao,5,14
1171,Zhao Le (Looking for Fun),4,93
1172,Zhara,4,46
1173,Zhdite nas na rassvete,4,14
1174,Zhenshchiny shutyat vseryoz,2,85
1175,"Zhenya, Zhenechka i 'Katyusha'",2,12
1176,Zhikharka (S),5,75
1177,Zhila-byla odna baba,1,23
1178,Zhol,2,23
1179,Zhong Kui fu mo: Xue yao mo ling,1,53
1180,Zhu Zhu Pets: Quest for Zhu,3,62
1181,Zhui Zong,2,100
1182,Zhukovsky,1,76
1183,Zhuravushka (A Little Crane),3,51
1184,Zhurnal politsatiry No. 2 (S),3,74
1185,Ziba,5,33
1186,"Zidane, un portrait du 21e siècle (Zidane: A 21st Century Portrait)",5,20
1187,Ziddi,3,61
1188,Ziegenort,2,44
1189,Ziegfeld Follies,3,15
1190,Ziegfeld: The Man and His Women (TV),5,4
1191,Zieleman (TV),4,28
1192,Zielone lata,3,93
1193,Zift,5,11
1194,Zig & Sharko (TV Series),5,69
1195,Zig and Zag (TV Series),3,77
1196,Zig Zag (S),4,84
1197,Zig Zag Love (TV),2,59
1198,Zig Zig,2,52
1199,Zigaretten (S),2,41
1200,Tsigoineruwaizen (Zigeunerweisen),5,16
1201,Ziggy Stardust and the Spiders from Mars,4,9
1202,Ziggy's Gift (TV),3,42
1203,Zigoto en pleine lune de miel (S),3,67
1204,Zigoto et la blanchisseuse (S),5,32
1205,Zigoto et la locomotive (S),1,12
1206,Zigoto et l'affaire du collier (S),3,67
1207,Zigoto plombier d'occasion (S),5,97
1208,Zigoto promène ses amis (S),4,41
1209,Zigrail,3,22
1210,ZigZag,4,95
1211,Zig-Zag: Le jeu de l'oie (Une fiction didactique à propos de la cartographie) (TV),6,21
1212,Zikina dinastija,2,36
1213,Akai Kodan Zillion: Utahime Yakyoku,2,54
1214,Zim and Co.,6,31
1215,Zimbo (S),5,52
1216,Zimmer 606 (S),2,75
1217,Zina,1,99
1218,Zinanà (S),4,34
1219,Zinda,1,94
1220,Zindeeq,3,12
1221,"Zindy, el fugitivo de los pantanos",6,96
1222,Zinédine Zidane - Comme dans un rêve,2,92
1223,Zing (S),4,38
1224,Zíngara (TV Series),5,4
1225,Bai ri gaobie,1,46
1226,Zinuk BaAlia,5,59
1227,Zion and His Brother (Zion et son frère),2,45
1228,Zipang (TV Series),3,83
1229,Jipangu (Zipang),3,89
1230,Zipi y Zape (TV Series),2,88
1231,Zipi y Zape y el club de la canica,4,91
1232,Zipi y Zape y la isla del capitán,2,84
1233,Zipper,5,61
1234,Zippo (S),5,37
1235,Ziva istina,1,2
1236,Zivan Makes a Punk Festival,3,68
1237,Ziveli! Medicine for the Heart,6,96
1238,Zivi mrtvaci (S),6,72
1239,Zizek!,5,81
1240,Zizi and Honeyboy (S),2,29
1241,Zlatá reneta (Golden Queen),2,41
1242,Zlatye gory (Golden Mountains),5,91
1243,Z-Listers,6,28
1244,ZMD: Zombies of Mass Destruction,1,91
1245,Zmiivka,3,25
1246,Znatizelja (S),3,71
1247,Zocta: Sólo en la Tierra se puede ser extraterrestre,1,46
1248,Zodiac,1,49
1249,Zodiac - Evolution (S),6,78
1250,Zodiac Killer,1,43
1251,Curse of the Zodiac,6,3
1252,Zodiac Sign,6,90
1253,Zodiaque,1,87
1254,Zoe (S),5,93
1255,Zoe,6,5
1256,Zoe,1,84
1257,Zoé - Panoramas,4,37
1258,Zoé 08.11.14,3,9
1259,Zoe Gone,5,94
1260,"Z.O.E Dolores, i (Zone of Enders Dolores, i) (TV Series)",3,3
1261,Wild Card,3,87
1262,Zoé Kézako (TV Series),2,100
1263,Zoe.Misplaced,6,11
1264,Zoey 101 (TV Series),3,52
1265,Zoey to the Max,3,48
1266,You Don't Mess With the Zohan,3,88
1267,Zohi Sdom,2,38
1268,Zoids (TV Series),5,1
1269,Zokkomon,5,18
1270,Zoku Hebihimesama,1,63
1271,Zokubutsu zukan,3,72
1272,Zolar (TV),2,5
1273,Zolotye vorota,6,53
1274,Zolykha's Secret,6,36
1275,Zombeavers,6,95
1276,Zombex,1,36
1277,Dawn of the Dead,1,92
1278,Zombi 3,2,11
1279,"ZOMBI D'OR, Ciudad de Vacaciones (S)",5,3
1280,Zombi Holocaust,1,19
1281,Z-108 Qi Cheng (Zombie 108),2,28
1282,Oltre la Morte,4,22
1283,Killing Birds - Raptors,2,51
1284,Zombie '90: Extreme Pestilence,2,5
1285,Zombie Apocalypse,5,15
1286,Zombie Apocalypse: Redemption,2,20
1287,Zonbi asu (Zombie Ass: Toilet of the Dead),3,35
1288,Zombie Babies,4,16
1289,Scouts Guide to the Zombie Apocalypse,3,20
1290,Zombie Cheerleader Camp,6,6
1291,Zombie Chic 3D (S),4,73
1292,Zombie Cop,4,77
1293,Zombie Cruise,2,32
1294,Zonbi deddo,3,15
1295,World of the Dead: The Zombie Diaries 2,3,75
1296,Zombie Driftwood,1,60
1297,Zombi kanikuly 3D,5,4
1298,Zombie Fight Club,4,63
1299,Zombie Girl Diary,4,26
1300,Zombie Girl: The Movie,6,53
1301,Zombie Graveyard,6,72
1302,Zombie Hotel (TV Series),2,35
1303,Zombie Hunter,5,74
1304,Zombie in a Penguin Suit (S),2,11
1305,Zombie Infection,4,76
1306,Zombie Killers: Elephant's Graveyard,3,53
1307,Zombie Kiss (S),4,29
1308,Zombie Love,3,92
1309,Zombie Massacre 2: Reich of the Dead,6,21
1310,Zombie Movie (S),3,99
1311,Zombie Nation,5,96
1312,Zombie Night (TV),1,35
1313,Zombie Night,2,100
1314,Zombie Nightmare,6,49
1315,Zombie Ninjas vs Black Ops,4,74
1316,Zombie Planet,5,53
1317,Zombie Plantation,4,76
1318,Zombie Rampage,1,84
1319,Zombie Resurrection,3,15
1320,Zombie Roadkill (TV Series),2,33
1321,Zombie Safari,4,79
1322,Zonbi jieitai (Zombie Self-Defense Force),4,13
1323,Zombie Sharks (TV),4,83
1324,Zombie Strippers,3,38
1325,Zombie: The Resurrection of Tim Zom,4,25
1326,Wasting Away (Aaah! Zombies!!),4,49
1327,Zombie Town,3,59
1328,Zombie TV,2,22
1329,Zombie Undead,2,98
1330,Zombie vs. Ninja (Zodiac Power: The Super Master),5,57
1331,Zombie Wars (War of the Living Dead),2,83
1332,Zombie Women of Satan,4,1
1333,"Zombie World, the Movie",2,87
1334,Zombie ja Kummitusjuna,3,99
1335,Zombiegeddon,2,27
1336,Zombiehagen (S),3,74
1337,Zombieland - Pilot Episode,3,84
1338,Zonbi Rôn (ZOMBIE-LOAN) (TV Series),2,32
1339,Zombiemania (TV),2,69
1340,Zombies,4,22
1341,Zombies (S),5,60
1342,Zombies,2,37
1343,Zombies (TV),5,90
1344,Zombies & Cigarettes (S),3,4
1345,Zombies: A Living History,6,48
1346,Zombie's Breakfast (S),1,5
1347,Zombies on Broadway,6,13
1348,Zombies from Outer Space,3,74
1349,Zombies Gone Wild,5,14
1350,Zombies of Mora Tau,3,3
1351,Redneck Zombies,4,69
1352,Shaun of the Dead,4,75
1353,Wu Jian Zui (Zombies Reborn),2,51
1354,Bloodlust Zombies,3,26
1355,Zombi: La creazione,5,49
1356,Bloodeaters (Toxic Zombies),5,52
1357,Zombies Vs. Strippers,5,40
1358,Wicked Little Things,6,25
1359,Zombies! Zombies! Zombies!: Strippers vs. Zombies,2,93
1360,Zombiethon,2,36
1361,ZombieWestern: It Came from the West (S),6,64
1362,Zombieworld,4,100
1363,Zombiez,3,37
1364,Zombillénium,1,82
1365,Zombinladen: The Axis of Evil Dead (S),3,24
1366,Zombio,2,80
1367,Zombio 2: Chimarrão Zombies,2,41
1368,Gam man da song si,5,5
1369,Zombirama,3,62
1370,Zombis (TV Series),4,43
1371,Død snø (Dead Snow),3,21
1372,Død Snø 2 (Dead Snow 2: Red vs. Dead),5,89
1373,Zombis: origen (TV),5,83
1374,Zomblies,3,61
1375,Opai-Zuki-Zombie! (Zomboobies!),6,24
1376,Shibyou Osen DEAD RISING / Shibyo Osen Dead Rising (Zombrex Dead Rising Sun) (Dead Rising: The Movie),1,100
1377,Zomer (Summer),3,58
1378,Zominic (S),3,94
1379,Zonbideo,6,88
1380,Zone 39,1,45
1381,Zona cero (S),6,58
1382,Ground Zero,3,33
1383,9/11: Ground Zero Underworld,1,52
1384,Cyberzone (Droid Gunner),6,34
1385,Hyena Road,5,25
1386,Disaster Zone: Volcano in New York (TV),4,95
1387,The Park Is Mine (TV),4,80
1388,Maharlika,6,51
1389,Zona de riesgo (TV Series),1,54
1390,Zona del silencio: Paralelo 27,1,11
1391,Zona Franca,2,52
1392,Grenseland (TV Series),1,17
1393,Zona hostil,4,92
1394,Zona invadida,6,33
1395,Zona J,2,77
1396,Free Zone,3,70
1397,Zona Lyube,1,25
1398,Zona Mrtvih (S),4,84
1399,Shadow Zone: The Undead Express,2,45
1400,Danger Zone,5,15
1401,The Danger Zone,6,49
1402,Deep End (Na samym dnie),6,43
1403,Zona roja,5,71
1404,Zona Rosa,3,43
1405,Zona Sur,6,63
1406,ChalkZone (TV Series),5,33
1407,Torrid Zone,4,39
1408,Zona Zamfirova,4,73
1409,Zona-84 (S),1,77
1410,Zonad,1,45
1411,Zonda: Folclore argentino,1,87
1412,Zonder Ernst (TV Series),3,11
1413,Zone (S),5,80
1414,Wilna Zona,6,64
1415,Ryusei Ningen Zon (Zone Fighter) (TV Series),6,61
1416,Zone franche,6,13
1417,I faresonen,2,17
1418,Zone of the Dead,5,71
1419,Zone of the Enders: 2167 Idolo (ZOE: 2167 IDOLO),6,18
1420,Zone rouge,3,47
1421,Zone Troopers,6,48
1422,Zone Zero,4,37
1423,Zongora a levegöben,5,55
1424,Zontar: The Thing from Venus (TV),1,91
1425,Zonzon,1,79
1426,Zoo (TV Series),2,2
1427,Zoo,1,13
1428,Zoo,1,9
1429,Zoo (S),4,30
1430,A Zed & Two Noughts,5,83
1431,Zoo (S),2,3
1432,Zoo (TV Series),3,27
1433,Zoo,6,22
1434,Zoo Cup (TV Series),5,55
1435,Zoo Piece (S),4,98
1436,Zoop in Zuid-Amerika,4,85
1437,Zoo Wars,6,50
1438,Zoo zéro,3,75
1439,Zoobabu (TV Series),3,85
1440,Zoogocho,6,35
1441,Zookeeper Workbook (S),5,8
1442,Zooland,6,91
1443,Zoolander No. 2,4,41
1444,Zoolander: Super Model (TV),6,50
1445,Zoolander,3,55
1446,The Zookeeper,3,49
1447,Zoologic (S),4,5
1448,Zoológico,5,20
1449,Zoologiya,1,54
1450,Zoom (S),2,67
1451,Zoom,5,76
1452,Zoom,5,30
1453,Zoom Back (S),3,80
1454,Lie Yan (Zoom Hunting),4,38
1455,Zûmu in: Bôkô danchi,5,44
1456,Zoom su Fellini,2,100
1457,Zoomates (S),1,78
1458,Zoombies,6,31
1459,Zoomerne,3,39
1460,Zoop in Afrika,3,16
1461,Zoop in India,4,25
1462,Zoot Suit,6,40
1463,Zootopia,3,28
1464,Zora dubrovacka (TV Series),2,97
1465,Zora la vampira,3,21
1466,"Zoran, il mio nipote scemo",6,60
1467,Coach Zoran and His African Tigers,6,52
1468,Alexis Zorbas,2,81
1469,Zordon of Eltar,4,73
1470,Zori (S),4,32
1471,Zorn,3,54
1472,Zorns Lemma,4,12
1473,Kaiketsu Zorori (TV Series),1,89
1474,Zorrita Martínez,2,13
1475,Zorro il ribelle,2,50
1476,Zorro: Generation Z - The Animated Series (TV Series),1,21
1477,Zorro: La espada y la rosa (TV Series),2,72
1478,Black Fox (TV),5,2
1479,Black Fox: The Price of Peace (TV),3,75
1480,Zorro the Chronicles (TV Series),1,11
1481,Zorros Bar Mizwa,3,47
1482,Killing Streets,5,12
1483,Zósimo (S),2,66
1484,Zot van A.,1,83
1485,Zotz!,6,46
1486,Zou (TV Series),4,20
1487,Zounk! (S),6,83
1488,Zouzou,2,61
1489,Zouzou,4,88
1490,Zoya (TV),6,35
1491,Zoya,6,41
1492,Zozo,2,8
1493,Zrcadlení,6,26
1494,ZsaZsa Zaturnnah Ze Moveeh,4,60
1495,Zu Gast Bei Freunden (S),2,36
1496,Suk san: Sun Suk san geen hap (Zu: Warriors of the Magic Mountain),3,11
1497,Shu shan zheng zhuan (The Legend of Zu),2,15
1498,Zübük,3,51
1499,Zuckerkandl! (S),2,9
1500,Zud,1,44
1501,Z.U.G.A.,6,67
1502,Zügürt Aga (The Agha),2,16
1503,Zugzwang,2,72
1504,Zuiketsu gensô - Tonkararin yume densetsu,2,18
1505,Zulfiqar,3,60
1506,Zulo,1,24
1507,Zuloak,1,84
1508,Zulu,3,10
1509,Zulu,4,55
1510,Zulu Love Letter (Lettre d'amour zoulou),5,45
1511,Zum goldenen Anker,2,90
1512,Zuma,5,58
1513,Zumo de limón (S),2,94
1514,Zupelnie Inna Historia (S),4,39
1515,Zuppa di pesce,6,46
1516,Zur Ansicht: Peter Weiss,6,53
1517,Zur Lage: Österreich in sechs Kapiteln,2,39
1518,Zurdo,1,27
1519,Zurich,6,91
1520,Zus & Zo,2,64
1521,Zusjes (TV Series),3,48
1522,Zuzu Angel,6,51
1523,Zvenigora,1,59
1524,Zveno,3,100
1525,Zvir (S),2,58
1526,Zvírátka a petrovstí (S),2,29
1527,Zvyozdny inspektor,6,71
1528,Zwart water,2,54
1529,Zwarte Tulp (TV Series),3,20
1530,Zwei,3,25
1531,Zwei Herren im Anzug,5,79
1532,Zwei Kumpel in Tirol,4,61
1533,Zwei Menschen,1,39
1534,Zwei unter Millionen,6,16
1535,Zweierlei Maß (TV),3,59
1536,Zwischen den Stühlen,2,31
1537,Zwischen zwei Kriegen,6,42
1538,Zwolnieni z zycia (Dismissed from Life),1,32
1539,Z/X Ignition (TV Series),2,21
1540,Zycie codzienne (S),1,79
1541,Zygote (S),3,34
1542,Zyzzyx Rd.,3,19
1543,Taiho Shichauzo: Full Throttle (You're Under Arrest: Full Throttle) (TV Series),6,52
1544,Yours (S),2,52
1545,Yours Emotionally!,4,100
1546,Yours for the Asking,4,64
1547,"Yours Sincerely, Lois Weber (S)",1,15
1548,Yours Truly (S),6,18
1549,Youssou N'Dour: I Bring What I Love,2,11
1550,Youth (S),6,45
1551,Youth,3,12
1552,Youth Gets a Break (S),5,42
1553,Youth in Oregon,3,84
1554,Ji ran qing chun liu bu zhu,2,81
1555,Youth of Christ,1,4
1556,Youth on Parade,2,18
1557,YouthMin,2,19
1558,You've Been Trumped,3,79
1559,You've Been Trumped Too,4,99
1560,Olet mennyt minun vereeni (You've Gone Into My Blood),4,8
1561,Jowita,5,76
1562,Yowamushi Pedal (TV Series),6,24
1563,Yoyes,3,29
1564,Yoyo,4,49
1565,Sukeban Deka: Kôdo nêmu = Asamiya Saki,2,45
1566,Yoyochu: Sex to Yoyogi Tadashi no Sekai (Yoyochu in the Land of the Rising Sex),1,2
1567,Yoyotoki: Happy Ears (TV) (S),1,19
1568,Yozakura Quartet (TV Series),4,42
1569,Yozakura Quartet: Hana no Uta (TV Series),6,35
1570,Yozakura Quartet: Hoshi no Umi,6,77
1571,Yozgat Blues,6,94
1572,Yrrol - En kolossalt genomtänkt film,2,52
1573,Îsu (TV Series),3,74
1574,Yu jia nu,5,92
1575,Yu Ming Is Ainm Dom (S),6,8
1576,Yû yû hakusho: The golden seal,1,88
1577,Yû yû hakusho: Meikai shitô hen - Honô no kizuna (Yu Yu Hakusho: The Movie - Poltergeist Report),1,79
1578,Yû Yû Hakusho (TV Series),6,33
1579,Yuan Shang,2,1
1580,Yûbae Shôjo,2,9
1581,Yuban (tierra viva),2,81
1582,Yubari I: Locked Out,3,8
1583,Yubisaki,1,8
1584,Yucas (S),6,85
1585,Yucatán,3,71
1586,"Yucatán, el último paraíso maya (S)",6,36
1587,"What a Cartoon!: Yuckie Duck in ""I'm On My Way"" (TV) (S)",3,89
1588,"What a Cartoon!: Yuckie Duck in ""Short Orders"" (TV) (S)",3,96
1589,Yuda,2,1
1590,"Yue kuai le, yue duo luo (Hold You Tight)",6,19
1591,Yûgiô (TV Series),1,84
1592,Yu-Gi-Oh!,2,95
1593,Gekijô-ban Yu-Gi-Oh! ~Chô-Yûgô! Jikû o Koeta Kizuna (Yu-Gi-Oh! the Movie: Super Fusion! Bonds that Transcend Time),3,47
1594,Yûgiô Faibu Dîzu (Yu-Gi-Oh! 5D's) (YGO: 5DS) (TV Series),2,10
1595,Yu-Gi-Oh! Arc-V (TV Series),2,42
1596,Yu-Gi-Oh! GX (TV Series),5,99
1597,Yu-Gi-Oh! The movie,2,8
1598,Yu-Gi-Oh! The Abridged Series (Yu-Gi-Oh! Abridged) (TV Series),1,82
1599,Yu-Gi-Oh!: The Dark Side of Dimensions,3,54
1600,Yu-Gi-Oh! Vrains (TV Series),4,72
1601,Yûgiô Zearu (Yu-Gi-Oh! Zexal) (TV Series),2,14
1602,Yu-Gi-Oh! Zexal II (TV Series),3,8
1603,Yuugo Koushoujin (TV Series),2,70
1604,Yugoslavia: How Ideology Moved Our Collective Body,4,49
1605,Yûkai hôdô,3,70
1606,Yuki,4,36
1607,Yuki & Nina,4,96
1608,Yuki Onna (S),4,75
1609,Yuuki Yuuna wa Yuusha de Aru (TV Series),5,73
1610,Sentou Yousei Yukikaze,5,4
1611,Yuki no taiyou (Yuki's Sun) (S),4,48
1612,Yukon Jake (S),1,15
1613,Yul (S),6,58
1614,Yul Brynner: The Man Who Was King,6,16
1615,Yùl et le serpent (S),3,95
1616,Yuli,3,11
1617,Yulya (S),3,79
1618,"Yum, Yum, Yum! A Taste of Cajun and Creole Cooking",5,2
1619,Run of the Arrow,6,12
1620,"Yume Kara, Samenai",4,51
1621,Yume no onna (Yearning),3,95
1622,Yume Tsukai (TV Series),5,53
1623,Yumeiro Pâtissière (TV Series),6,74
1624,Yumeji,3,12
1625,Yumekui Merry (TV Series),4,97
1626,Yumen,1,15
1627,Yumeria (TV Series),3,15
1628,"Yunagi No Machi Sakura No kuni (Yunagi City, Sakura Country)",2,7
1629,Yunaisy (S),4,87
1630,Yuniol (Yuniol)²,5,81
1631,Yuppi du,4,32
1632,Yuraktukto,2,70
1633,Yurei otoko,6,16
1634,Yuri Kuma Arashi (TV Series),5,23
1635,Yuri Lennon's Landing on Alpha46 (S),4,5
1636,"Yuri, mi verdadera historia",2,77
1637,Yuri! On Ice (TV Series),5,21
1638,Yurigokoro,4,27
1639,Yuriko no Aroma (Yuriko's Aroma),6,83
1640,Yuryev den (Yuri's Day),1,74
1641,Yuru Camp (TV Series),5,81
1642,YuruYuri (Yuru Yuri) (TV Series),6,50
1643,X (TV Series),6,26
1644,X,3,43
1645,X Company (TV Series),1,36
1646,X gêmu 2,2,9
1647,X: The Movie,3,53
1648,X Marks the Spot,2,23
1649,X on a Map (S),4,33
1650,X: Past Is Present,5,28
1651,X: Search for Freedom,6,32
1652,X,4,10
1653,Zee and Co.,4,90
1654,X: Yochou,2,30
1655,X-15,5,81
1656,X2000 (S),5,9
1657,X500,1,34
1658,Xabungle Graffiti,5,31
1659,Xala,6,8
1660,Bônen no Zamudo (Bounen no Xamdou) (Xam'd: Lost Memories) (TV Series),4,85
1661,Xamou,6,6
1662,Xanadu,6,36
1663,Xapiri,2,10
1664,Xavier,2,54
1665,Xavier: Renegade Angel,3,40
1666,Xchange,4,93
1667,XX (ekusu kurosu): makyô densetsu (X-Cross),4,91
1668,Xena: Warrior Princess (TV Series),1,30
1669,Xénogénèse (S),4,94
1670,Xenogenesis (S),4,30
1671,Xenosaga: The Animation (TV Series),3,77
1672,Xfea2 (TV Series),2,59
1673,X-Femmes (S) (TV Series),1,27
1674,The X-Files 2: I Want to Believe,3,39
1675,XHDRBZ (TV Series),2,63
1676,Xi AVANT (S),3,53
1677,Xiang qing,1,20
1678,Xiao Jia rentre à la maison,4,67
1679,Xiao Mei,1,21
1680,Xiaoshan Huijia (Xiao Shan Going Home),1,76
1681,Xiaolin Chronicles (TV Series),3,64
1682,Xibalba,5,84
1683,Xica da Silva,6,27
1684,Xica da Silva (TV Series),3,83
1685,Xicu'l toperu (S),6,81
1686,Xie mo,6,36
1687,XII,4,71
1688,XIII: The Conspiracy,6,14
1689,XIII baran (S),5,42
1690,XIII: The Series (TV Series),1,48
1691,Xime,3,15
1692,Xing xing dian deng (TV),4,78
1693,Xingu,1,83
1694,Xinnian Is Coming – Uproar of Chuxi,2,94
1695,Tian yu (Xiu Xiu),4,55
1696,XIV Olympiad: The Glory of Sport,4,89
1697,XL,6,65
1698,Xmas Without China,5,40
1699,X-Men (X-Men Anime) (TV Series),4,5
1700,X-Men,4,4
1701,X-Men (TV Series),2,43
1702,X2,2,6
1703,X-Men: Apocalypse,2,86
1704,X-Men: Dark Tide,5,78
1705,X-Men: Days of Future Past,4,27
1706,X-Men: Evolution (TV Series),2,2
1707,X-Men: Dark Phoenix,2,15
1708,X3 (X-Men 3: The Last Stand),1,4
1709,X-Men Origins: Wolverine,1,19
1710,X-Men: First Class,1,68
1711,Xmile (S),4,63
1712,Xochimilco 1914 (S),2,8
1713,"Xochimilco, historia de un paisaje",6,45
1714,Xombie: Dead Ahead (TV Series),6,79
1715,Xombie: Dead on Arrival (TV Series),5,41
1716,Xora,3,92
1717,XOXO,2,63
1718,XP3D (Paranormal Xperience 3D),5,46
1719,X-paroni,5,48
1720,X-Rated: The Greatest Adult Movies of All Time (TV),1,85
1721,XS - la peor talla,6,41
1722,X's & O's,5,13
1723,X-Story (S),5,7
1724,XTC: This Is Pop,4,28
1725,Xtrems,3,61
1726,Xtro,3,44
1727,Xtro II: The Second Encounter,5,40
1728,Xtro 3: Watch the Skies,5,27
1729,"Xuan Yuan, the Great Emperor",3,3
1730,Da Tang Xuan Zang,5,4
1731,Xue xi Tang Ren Jie,2,20
1732,"Xue, zong shi re de",1,4
1733,Xuxa Abracadabra,6,79
1734,Xuxa Gêmeas,1,97
1735,Popstar,1,88
1736,Xuxa Requebra,2,17
1737,Xuxa e os Duendes,5,50
1738,Xuxa e os Duendes 2: No Caminho das Fadas,6,95
1739,Xuxinha e Guto Contra os Monstros do Espaço,1,20
1740,XV: Beyond the Tryline,1,49
1741,XV en Zaachila,2,89
1742,XX,1,14
1743,XX: Utsukushiki karyuudo,2,5
1744,XXL,3,8
1745,XXL,5,50
1746,XXL Extragrande,6,89
1747,"XXV-19, Revolución Sandinista",2,36
1748,xXx: Return of Xander Cage,4,35
1749,xXx2: State of the Union,6,42
1750,xxxHolic (TV Series),3,40
1751,xxxHOLiC,2,47
1752,Gekijôban XXXHolic Manatsu no yoru no yume (xxxHOLiC: A Midsummer Night's Dream),2,21
1753,xxxHOLiC: Kei (TV Series),4,82
1754,xxxHOLiC: Rô,3,76
1755,xxxHOLiC: Rô Adayume,2,1
1756,xxxHOLiC: Shunmuki,2,46
1757,XXXII (S),3,34
1758,XX/XY,1,4
1759,XXY,1,20
1760,X/Y,1,95
1761,X-Y (S),5,43
1762,X+Y,3,52
1763,XY: Ser. Hombre. Hoy. (XY: La revista) (TV Series),6,78
1764,XYZTopia (S),1,26
1765,X² (Double X),2,5
1766,Yurumates,2,35
1767,Yurumates 3D (TV Series),2,50
1768,Ani*Kuri15: Yurururu (Nichijou Hen),6,10
1769,Yuryeong,1,15
1770,Yusniel (S),2,51
1771,Yussef Is Complicated (S),4,38
1772,Yusuf Yusuf,4,38
1773,Yuxu,4,74
1774,Yuyushiki (TV Series),4,50
1775,Yüz karasi,1,60
1776,Yves Saint Laurent,6,79
1777,"Yves Saint Laurent - Pierre Bergé, l'amour fou",1,55
1778,Yvone Kane,3,68
1779,Yvonne la Nuit,3,13
1780,Yvy Maraey: Tierra sin mal,3,6
